id,product_id,rating,date,summary,body,recommend,reported,reviewer_name,reviewer_email,response,helpfulness
100,24,1,"2019-03-08","Recusandae enim aut deserunt.","Voluptates possimus ea dignissimos eaque et alias ipsam et eos. Deleniti qui eum cum nihil ipsam quia. Dolorum aliquid dolor ut aut voluptates dolorum eaque qui a. Non deserunt mollitia. Natus ut unde est quo non. Perspiciatis non omnis soluta ipsa et.",0,0,"Pascale_Schuster","Skyla.Spinka@gmail.com",null,16
101,24,4,"2019-03-11","Vel quia rerum vitae totam dolores.","Odio laborum ut cumque quisquam asperiores saepe animi. Corporis natus dolore sint maxime et dolorum eum quia. Rerum dolor quae sapiente harum architecto ea qui.",1,0,"Valentina_McGlynn","Linda7@hotmail.com",null,6
102,24,5,"2018-09-19","Itaque consequatur quis consequatur nisi.","Quo quis optio ut. Perferendis qui numquam impedit dolorem. Nobis ratione dolorem et inventore qui. Qui magnam enim fugiat possimus. Saepe perspiciatis culpa recusandae optio debitis.",1,0,"Theodora_Botsford99","Hollie_VonRueden2@gmail.com",null,28
103,25,4,"2018-12-12","Deleniti et quia.","Est atque sed quos voluptas enim dicta. Dolore suscipit quia enim vel molestiae et ut rem deserunt. Qui qui error exercitationem eum debitis repudiandae unde. Assumenda maxime ea velit harum qui. Ipsam occaecati exercitationem totam nobis ratione nulla distinctio.",1,1,"Emanuel38","Kirstin_Gusikowski18@yahoo.com",null,11
104,25,5,"2018-08-31","Consequatur sit voluptatem perferendis.","Praesentium modi magni expedita libero. Iste voluptas animi. Omnis dolores nihil. Et eligendi sit. Impedit alias recusandae voluptas.",1,0,"Alvah.Gislason","Kacey44@gmail.com",null,10
105,25,1,"2018-11-06","Nostrum temporibus quae ullam.","Accusamus exercitationem veniam eos. Est alias sit fugit. Numquam exercitationem veniam autem est perspiciatis. Vel dolor et rerum ea.",0,0,"Adelbert63","Krista_Oberbrunner97@hotmail.com",null,12
106,25,3,"2019-06-07","Modi sunt consectetur eum repellat veniam quis non.","Neque adipisci hic fugit consectetur maxime illo non iusto. Perspiciatis et distinctio cupiditate asperiores. Eaque et et consectetur amet sit dolores. Soluta similique quam omnis est illo possimus.",1,0,"Eddie_Predovic11","Cheyanne46@yahoo.com","Ut ut voluptatem et qui quas maiores soluta ut.",28
107,25,4,"2019-01-20","Modi quia nihil ab repellendus est doloribus voluptatem veniam.","Et ut in tenetur sed modi. Perferendis qui id repellendus temporibus autem maiores ut. Beatae voluptas ipsam voluptates at aut error ut facere. Perspiciatis et adipisci molestiae sapiente aut cum totam. Eveniet tempora aut dolorem omnis.",1,0,"Emmet.Koepp45","Demario_Crist@yahoo.com",null,8
108,25,2,"2018-10-17","Alias dolore magnam.","Animi deserunt et rerum et et nemo porro. Ab modi iusto dignissimos expedita. Qui vero eum aut at. Voluptas est excepturi commodi fugiat enim.",1,0,"Justice_Dickens55","Rafaela_Langworth74@hotmail.com","Est blanditiis aspernatur.",16
109,25,2,"2019-01-23","Ea libero eveniet labore qui ut.","Veritatis est non velit quaerat sed incidunt. Quaerat ea sit maxime quia aut magnam in omnis. Repudiandae libero consequatur.",1,0,"Everardo.Kunde","Finn_Howell@gmail.com",null,28
110,25,2,"2018-11-18","Eveniet sit sunt dolorem quia dolorem.","Quam magni enim rem dolor ut illo aut nam. Consequatur omnis ea dolorem laboriosam distinctio fugiat. Qui itaque minima corporis architecto suscipit quis quaerat. In repudiandae sequi neque velit tempora asperiores dolores. Culpa eaque eum nesciunt dolore repellendus iusto. Quod sint aperiam dolores.",1,1,"Lynn7","Elise86@gmail.com",null,11
111,25,3,"2018-11-25","Beatae dolores qui eum.","Assumenda in iusto et amet. Animi quibusdam error similique aspernatur velit provident rerum atque laudantium. Maiores ipsa ab.",1,0,"Abdul.Purdy80","Melba31@gmail.com",null,29
112,25,5,"2019-03-23","Modi a ea et ut unde ut soluta omnis.","Quis dolor nostrum officia fugiat et omnis nesciunt repudiandae. Odit est enim minus ut voluptate. Quisquam nihil numquam.",1,0,"Luisa76","Boyd.Schimmel@gmail.com",null,9
113,26,4,"2019-04-25","Vel ut illum ut aliquam.","Laudantium ut laboriosam vel. Dolor perferendis quas est. Quidem facilis ex ipsa et iusto. Eveniet ut itaque minima quos sint est omnis ipsum dicta.",1,0,"Deon.Pouros","Jerrell74@gmail.com",null,8
114,26,1,"2019-04-11","Eum facere rerum repellendus labore.","Et quos voluptate corporis ea est culpa repudiandae fugiat saepe. Reprehenderit eligendi voluptas maxime suscipit voluptatem. Consequuntur blanditiis sint inventore dicta repudiandae ipsum aspernatur. Doloribus omnis cupiditate consequatur libero cumque. Deleniti nesciunt voluptatem et id dolores et quod.",0,0,"Chance.Lynch","Lavern.Murray@yahoo.com",null,6
115,27,1,"2019-05-06","Beatae nam a cupiditate.","Voluptatem similique asperiores quibusdam praesentium. Aut necessitatibus optio harum commodi non repellat. Aut aut molestias aut. Et qui qui debitis vero autem est suscipit sit.",0,0,"Nathanael.Marks","Kayleigh64@hotmail.com",null,0
116,27,3,"2018-11-17","Odio inventore facilis sequi mollitia repellat ut provident error est.","Sit non rerum suscipit possimus illo neque pariatur tempore. Aperiam sunt et eos sed tenetur ratione. Asperiores mollitia consequatur quae quod necessitatibus autem sit. Iure repellat similique voluptas magnam consequatur et quaerat.",1,0,"Zelma39","Rene53@gmail.com",null,23
117,27,4,"2018-11-29","Occaecati veniam harum velit dolor.","Dolore ipsum facere. Dolorum facilis possimus rerum perferendis rerum odit vel possimus enim. Possimus quisquam dolorem. Ducimus voluptatibus nesciunt perferendis nisi sunt temporibus nam eaque. Suscipit similique repellendus placeat consequatur corrupti.",1,0,"Guillermo_Torphy92","Ryley_Dooley@gmail.com",null,7
118,27,2,"2018-09-05","Accusantium ut voluptatum aut velit fugiat et sunt.","Quidem sunt qui error illum iste reprehenderit at sed ut. Itaque quisquam veniam explicabo inventore quasi eveniet quidem alias aliquid. Eos dignissimos et. Eum rerum esse itaque ullam dignissimos ducimus.",1,0,"Cleveland.Rolfson95","Teresa.Bayer@gmail.com",null,11
119,27,3,"2018-09-09","Et eos cum sunt.","Et non porro similique incidunt. Ratione rerum tenetur ut et labore et et. Reprehenderit nihil mollitia reprehenderit molestiae consequuntur similique unde. Dolores ut nihil eos illo modi quod vel culpa reiciendis.",1,0,"Geovanny32","Taurean_Rosenbaum@gmail.com",null,1
120,27,1,"2018-12-07","Voluptatem maiores labore ipsam laboriosam consequatur deleniti.","Occaecati ut id corrupti sit neque. Consequatur veritatis nulla blanditiis nobis consequuntur fugit repudiandae dolor. Molestias quo quis. Quia ea illum repellat quas nemo error aliquam tenetur. Et accusamus id ad quis laboriosam eos aliquid quia est.",0,0,"Dell_Smith93","Arnold_Denesik31@gmail.com",null,4
121,28,4,"2019-07-11","Molestias rerum qui cumque et quibusdam quia mollitia quod a.","Dolor id vero a quo iste maiores laboriosam accusamus nam. Molestiae in et ratione dolore qui ea explicabo. Ut blanditiis aut fugiat ad voluptatem. Dolores iste et quia quia quidem expedita. Nihil officia et facilis et omnis. Qui beatae ratione laudantium non id assumenda.",1,0,"Dangelo.Nicolas","Kenny_Emmerich69@hotmail.com",null,10
122,28,3,"2019-06-12","Nam animi qui.","Inventore quia rerum omnis rem ea est. Alias minima officiis. Ipsum eum optio enim aut sit qui.",1,0,"Golden68","Nova36@yahoo.com",null,11
123,28,1,"2018-09-25","Voluptatem et sapiente.","Fuga molestiae quasi ad nisi in qui. Nemo et minima. A voluptatem quidem deleniti. Molestiae error ut aut tenetur delectus molestiae sit ducimus. Velit non dignissimos. Dolorem voluptatem in ipsum qui et.",0,0,"Jany37","Hollie_Wiegand44@hotmail.com",null,3
124,28,5,"2019-05-04","Repellendus qui dolores modi ipsa nemo necessitatibus totam harum odit.","Eum nam sunt minima explicabo aut autem aut. Aspernatur sed explicabo recusandae voluptas est delectus et mollitia recusandae. Sunt ipsum est et dolor rerum recusandae aliquid voluptas. Explicabo magni odit ratione quo quisquam et. Repellat error aut omnis consectetur unde.",1,0,"Israel.Towne","Jedediah.Mohr@hotmail.com",null,2
125,28,2,"2018-08-09","Beatae eos dolorem sed.","Laborum nihil perferendis perferendis voluptatem aut eligendi delectus voluptatibus. Enim quia fugiat impedit vitae velit culpa. Nostrum deleniti dignissimos eum facere accusamus voluptatibus ad. Qui numquam modi neque fuga nihil sit aliquam optio. Molestias tempore hic ea magnam dolorem. Dignissimos et et sit.",1,1,"Lyla89","Tyra17@hotmail.com",null,26
126,28,4,"2019-02-03","Quidem et quia labore omnis est.","Ad architecto ut temporibus quibusdam. Deleniti sequi nihil eos unde vitae. Et eum aliquid sit distinctio accusantium et. Perspiciatis quos aut eos iusto. Et vitae molestiae. Incidunt nihil dolores fugiat exercitationem et.",1,1,"Calista.Dietrich","Samara.Yost@yahoo.com",null,1
127,29,5,"2019-06-07","Sint quia dolorum error dolorem unde esse aut.","Modi nesciunt facere voluptas nobis possimus aut et nostrum. Ut qui repudiandae voluptates laudantium amet aspernatur quo natus enim. Cupiditate consequatur sed odio. Et facere aliquid eaque architecto et ut aut. Quia voluptas ut autem quibusdam quibusdam non accusamus omnis.",1,0,"Pete33","Audreanne_Schmidt23@gmail.com",null,28
128,29,2,"2019-05-03","Dolores incidunt sapiente impedit ut perferendis et laborum.","Maxime ullam rem cum ut nulla minima. Aliquid occaecati non. Mollitia quaerat eius quae tempore ea. Sit iure est ab sint iste alias. Quo in iusto nulla error.",1,0,"Sage_Sauer30","Shany_Hane55@yahoo.com",null,19
129,29,5,"2019-02-17","Non quia occaecati corrupti suscipit est.","Deserunt porro a rerum et eius dolor repellat distinctio. Eaque corporis in omnis. Consequatur ipsum explicabo voluptates deleniti ipsum deserunt.",1,0,"Otis27","Hailey_Homenick@hotmail.com","Corrupti voluptatem fugiat.",14
130,29,5,"2019-02-22","Sit ab distinctio eligendi qui dolore.","Et exercitationem quidem odio veniam voluptatem qui ex inventore rerum. Omnis rem maxime aliquid quia nulla totam ex illum rerum. Quis possimus in neque ea asperiores veniam. Explicabo inventore iusto molestiae. Quo quae similique autem aut non accusantium. Adipisci qui molestiae voluptatum.",1,1,"Agustin68","Jazmyn90@hotmail.com",null,25
131,29,3,"2019-06-27","Consectetur et reprehenderit perferendis maxime aut.","Id sit adipisci sequi cupiditate facere dolorem explicabo. Cupiditate aliquam aut ipsa voluptas ratione. Et consequatur soluta omnis eos voluptas vero a omnis hic. Nam eum odio consequatur quis et natus dicta. Vero non quod et delectus animi impedit amet ea unde. Expedita excepturi quis.",1,0,"Vito.Kuvalis","Mariano92@yahoo.com",null,22
132,29,1,"2018-08-19","Iure quas rerum.","Delectus facere ut molestiae odit iste ut. Quia non qui omnis voluptatibus iste sunt. Nesciunt delectus voluptatem et iure qui distinctio et illo nemo. Nostrum cupiditate corporis officia necessitatibus deserunt exercitationem et vitae. Nihil similique aut quae fugiat autem impedit sit est dolor.",0,0,"Althea.Yundt","Sadie.Hahn@gmail.com",null,5
133,29,4,"2019-05-22","Maiores est quas.","Voluptatem incidunt recusandae est et est et atque mollitia mollitia. Ipsam aperiam voluptate culpa nemo sequi similique laborum qui. Et voluptas non explicabo ipsam magnam voluptatem.",1,0,"Preston.Crooks","Jaylan.Morar@hotmail.com",null,8
134,29,5,"2019-05-31","Ab nam aut hic tempore qui eos est eum natus.","Voluptates eum itaque perferendis. Et repellendus qui saepe. Quasi hic est sapiente voluptatibus sunt accusamus omnis nesciunt provident. Molestiae aut unde nesciunt debitis id facilis aut. Quia consequatur alias beatae et dignissimos harum error.",1,0,"Vivien.Howell","Mariam.Mayert@hotmail.com",null,12
135,29,2,"2018-07-29","Sint voluptatem ut asperiores velit.","In tenetur et iusto quos eveniet dolor. Cum culpa facilis doloribus libero ea ut et. Esse totam voluptatem omnis vitae consequatur voluptatibus quo pariatur et. Est est laudantium laborum maxime porro et. Incidunt voluptates alias distinctio voluptates.",1,0,"Beaulah46","Juston_Graham@yahoo.com",null,25
136,29,5,"2018-08-28","Rem dolor quia in dolorum incidunt laborum amet quaerat.","Labore saepe et. Ut et in dolores voluptates aut quis. Eos exercitationem minima eum possimus est. Et sint quis consectetur ut beatae eos quia. Non et ex porro.",1,0,"Charles2","Peggie97@yahoo.com",null,24
137,30,4,"2019-03-23","Aut minus praesentium asperiores est provident dolorum.","Eum et tempora atque consequuntur quasi optio blanditiis repellat. Velit iure et eligendi libero quae. Facilis voluptatem quae et. Et autem laborum laborum itaque provident.",1,0,"Tania35","Dina15@yahoo.com","Architecto dicta deleniti illo non.",15
138,30,2,"2018-09-15","Adipisci cum magnam.","Ut neque aut saepe. Est magni ad maiores. Amet veniam repudiandae recusandae quia excepturi enim sint. Sed dolorum aspernatur.",1,0,"Celestino83","General61@yahoo.com",null,1
139,30,3,"2019-06-03","In ipsam quis assumenda velit.","Molestiae deserunt consequatur pariatur tempora est quae accusamus eveniet necessitatibus. Expedita ipsam voluptate. Et accusamus qui architecto amet consequatur saepe nemo. Exercitationem eius dolores iste sequi at et harum sit. Et nulla ipsa voluptas hic ut quasi eum rerum quae.",1,0,"Amelia90","Ellen_Keebler10@yahoo.com",null,7
140,30,1,"2019-01-13","Velit omnis aut.","Quo doloremque rerum nulla tenetur ad harum labore ipsam. Perferendis in et accusamus dolores. Dolorem esse animi eveniet et. Eos dolore cupiditate voluptatem dolores facilis excepturi sunt. Nulla repellat omnis enim. Impedit vel cumque quas provident et iure enim.",0,0,"Lottie.Halvorson8","Geraldine_Schinner99@yahoo.com",null,18
141,30,4,"2019-04-29","Sint cupiditate laudantium ea dicta eaque dolorem voluptatem.","Voluptatem et esse quaerat ut facilis molestias. Perferendis excepturi molestiae accusamus quis eum. Qui ut quaerat molestiae dolorem. Impedit deleniti nihil et laborum ab. Molestiae ab ad ipsa eos tenetur illo. Magnam non excepturi aperiam rem aut et.",1,0,"Bret15","Lemuel_Torphy@yahoo.com",null,20
142,30,5,"2019-04-29","Numquam et nostrum ut quae voluptatibus aperiam qui sit.","Facilis alias magni qui laudantium ipsa voluptas nihil accusamus adipisci. A voluptas id veniam est. Et et pariatur consequatur et magni. Inventore quia eaque adipisci. Illo sunt porro aut totam molestiae repellat iure aliquam. Neque omnis repudiandae.",1,0,"Clark_Torp","Pearlie43@yahoo.com",null,11
143,30,2,"2018-12-05","Architecto delectus facilis quam natus voluptatibus consequatur magnam quidem provident.","Rerum atque sequi rerum sunt quisquam alias. Facere eveniet nemo dolores ut odio modi. Sed amet nam cum. Id quod nostrum. Odit voluptas et nobis qui consequatur tempora.",1,0,"Billie.Towne","Zola.Flatley54@hotmail.com",null,16
144,30,1,"2018-10-14","Nostrum suscipit dolor.","Non ea nam commodi. Aut et ea ipsa aut adipisci et. Ea consequuntur autem. Rerum dolor atque placeat repellendus. Laudantium dolorem aut. Et accusantium dolor.",0,0,"Erna80","Domenick.Hansen36@yahoo.com",null,13
145,31,1,"2019-01-06","Autem est laudantium voluptatem temporibus cum autem.","Quis sapiente quis pariatur. Nam ad autem accusamus harum. Temporibus dolore odio voluptatem facilis. Id et fugiat similique. A esse nihil quam dolores et.",0,0,"Connor.Emard","Charlotte27@gmail.com",null,6
146,31,4,"2018-08-06","Aut fugiat eaque aperiam ratione soluta.","Corrupti animi aut sed tempore repudiandae reiciendis qui. Unde ullam quos quia facere aut perspiciatis quia consectetur. Amet natus quia.",1,0,"Alysson41","Jaron_DAmore@gmail.com",null,23
147,31,3,"2019-02-22","Ut aspernatur maxime quaerat voluptatibus.","Omnis qui aliquid repudiandae facere laboriosam quam. Expedita officia est distinctio. Praesentium eos sequi. Est recusandae omnis inventore architecto error perspiciatis.",1,1,"Marisa_Rice34","Johnny.Stracke29@yahoo.com","In perspiciatis voluptatum eum quo ducimus nulla quia.",12
148,31,1,"2019-05-22","Culpa fuga aperiam qui consequuntur.","Impedit non debitis debitis quo repellat quo minus. Quos fuga est omnis velit. Placeat ut maxime voluptatum. Ut officia fugiat quia.",0,0,"Brice36","Destany.Jacobi46@hotmail.com",null,1
149,31,5,"2019-07-01","Ut voluptatem repellat ullam doloribus eum odit non consequatur.","Molestiae aliquid explicabo dolor. Voluptatibus voluptatem suscipit eveniet dolore quasi. Placeat beatae voluptatibus sed totam ut architecto adipisci. Veniam quam doloremque repellat quo nulla ut asperiores. Voluptatem aut quia aut id sed.",1,0,"Micaela35","Tyreek20@gmail.com",null,12
150,31,1,"2019-05-30","Non iure ipsum aut nesciunt.","Nobis qui velit aut quibusdam illum officia. Vitae fugiat est omnis sit. Ut quis autem.",0,0,"Branson_Turner","Gerald45@hotmail.com",null,2
151,31,5,"2018-09-22","Dignissimos maxime facilis velit officiis doloribus ipsam adipisci autem facilis.","Et ea magni rerum. Amet corporis tempora ut est adipisci rerum cum voluptas est. Iure aut libero quaerat id necessitatibus sit fugit aperiam minus. Quidem molestiae rerum modi.",1,0,"Cleo.Kuvalis","Fausto.Greenholt@gmail.com",null,15
152,31,4,"2018-12-28","Libero sit voluptatem sit.","Pariatur velit aut quam dolorem est eum reprehenderit. Non sint quod. Dolor quia officiis tempore molestiae labore fugit ducimus et vitae. Et quia excepturi minima. Architecto provident ea nulla nesciunt nihil error omnis veritatis dolorum. Sunt sapiente fugiat reiciendis atque provident quis ex recusandae atque.",1,0,"Randi_Nitzsche","Federico.Lynch@yahoo.com",null,5
153,31,4,"2019-06-25","Omnis ipsam tenetur eligendi debitis impedit nostrum voluptatum.","Laudantium iure magnam ipsa quas. Sit ex in rem voluptatem adipisci et aut facere. Et fuga asperiores dolore rerum quasi quam et dolores.",1,0,"Sonia_Bayer4","Josh57@hotmail.com",null,0
154,32,1,"2018-09-08","Nulla aut repellat facilis quod et voluptas adipisci repellat culpa.","Quo qui reiciendis. Quod odit quaerat repellat aut optio quisquam dolore expedita omnis. Ducimus maxime est. Corporis explicabo nihil cupiditate optio et. Nobis esse velit. Impedit iusto eum.",0,0,"Lavinia13","Clementine18@gmail.com",null,11
155,32,2,"2018-09-17","Vitae consequuntur voluptatem vitae quidem itaque.","Facilis nisi repudiandae. Ea nesciunt et voluptatem. Dolorem a sed quo consequatur sunt harum non.",1,0,"Reymundo55","Telly.Hayes70@yahoo.com",null,20
156,32,5,"2018-09-24","Maiores unde quibusdam necessitatibus autem ut repudiandae quod aut.","Soluta id praesentium quod est qui non dolorum et voluptas. Et ipsum aliquam aut quia libero consequatur totam. Architecto repellendus eos aut. Ducimus expedita molestiae tenetur perspiciatis aperiam cum odio aut alias. Sequi omnis quia cum.",1,1,"Lottie.Schmidt","Eleanore_Miller92@gmail.com",null,22
157,32,4,"2019-06-28","Ratione sint et omnis placeat voluptatem eveniet et facere.","Laboriosam ut unde laboriosam. Quo assumenda in quia vero. Et ad quo et saepe provident. Aliquid beatae pariatur eligendi quas nam sit non ut voluptatem. Nemo aut suscipit molestias.",1,0,"Vinnie_Torp91","Virginia_Haag60@gmail.com",null,20
158,33,1,"2019-05-18","Est excepturi at omnis asperiores odio quae nostrum enim.","Eos dolorem aperiam. Excepturi quis fugiat dolores quo maiores. Amet qui incidunt aut.",0,0,"Hester.Nolan","Stephany.Hauck@hotmail.com",null,4
159,33,3,"2018-08-19","Possimus eos sint ad.","Debitis veritatis dolor ipsum aut repellendus aut. Aut recusandae eos minima cupiditate. Iste sunt minima aut ipsa non similique aut ut. Quis voluptas odit aspernatur ea incidunt magnam rerum culpa.",1,0,"Miles_Kris8","Jayson.Reynolds20@gmail.com",null,23
160,33,3,"2019-05-22","Et assumenda assumenda accusantium et cumque iure quis est doloremque.","Eos earum voluptas iure. Aut similique voluptatem quia voluptatibus culpa recusandae. Id quisquam fugiat sunt ipsa quia. Aut omnis asperiores doloremque et cumque quo. Et hic minus fugit rem sint. Atque aperiam nihil mollitia.",1,0,"Sigmund_Kihn9","Cole28@yahoo.com",null,15
161,33,3,"2019-01-07","Enim rerum quo ipsum incidunt incidunt omnis ea.","Dolore eos minima rerum quia natus veritatis. Eos sint veritatis quia. Et mollitia non necessitatibus dolorem ut. Est molestiae mollitia. Aspernatur aut est quae ea libero officiis numquam qui qui. Qui est modi.",1,0,"Vincent41","Catherine21@hotmail.com",null,25
162,33,1,"2019-02-05","Alias ipsum accusamus enim officia.","Magnam ut quae omnis neque eum ut qui quia eius. Qui unde quibusdam assumenda alias nihil. Rem laborum laborum in ut. Dolorem et aliquid vitae quis nulla. Voluptas officia quisquam beatae aliquid sed.",0,0,"Ross_DuBuque","Delpha71@yahoo.com",null,18
163,33,5,"2019-01-05","Debitis unde voluptate voluptatem ut est.","Fuga ut autem nobis harum. Dolor et amet fugiat maiores dolores aspernatur voluptatem numquam. Est sint ut quos. Recusandae laboriosam qui hic rerum illo sit qui nam consequatur.",1,0,"Lewis.McDermott","Ruby.Cruickshank@gmail.com","Eius aut est laboriosam non itaque nobis.",25
164,33,5,"2019-06-05","Dolores molestias facere animi aut et.","Adipisci corrupti quos consequatur. Accusamus aut dolores. Reprehenderit voluptate velit ut quo suscipit sit et. Alias at sed. Illo aut ut aut fuga est et quia. Vitae saepe dolorem totam deserunt quibusdam.",1,0,"Brianne97","Eileen_Labadie64@hotmail.com",null,6
165,33,4,"2019-04-28","Consequuntur et animi perferendis quasi perferendis fugit quisquam asperiores.","Ut praesentium quidem quia. Quasi id eaque quam iure nostrum nobis voluptatem. Ipsum quis voluptates iure quod sunt tempore recusandae est cum. Veritatis nobis fuga dolor nemo. Laboriosam nihil fuga veniam eaque aspernatur debitis facilis quaerat voluptatibus. Vel nesciunt voluptates sit provident pariatur tempora.",1,0,"Major_Robel79","Sincere_Moen6@gmail.com",null,10
166,33,3,"2019-05-17","Quaerat modi quis est culpa est id voluptate.","Et et qui ipsa repudiandae ut delectus id enim. Quisquam aspernatur ullam corporis quasi quis nostrum id. Excepturi voluptatem rerum nobis tempora molestias fuga saepe ipsa totam. Doloremque cupiditate non incidunt dolorum eos voluptas accusamus. Repudiandae quaerat incidunt velit ut.",1,0,"Jamir_Schoen","Tyrel_Dickens45@gmail.com","Illum autem possimus ut.",28
167,34,1,"2019-06-25","Et perspiciatis similique repellat recusandae rerum commodi inventore et.","Explicabo impedit hic repellendus reprehenderit est assumenda. Fuga distinctio nemo rerum eligendi debitis ut iste quod laborum. Ipsa sed omnis amet. Aut corrupti a qui. Harum occaecati dolores dolor dolores.",0,0,"Johann_Jerde5","Reta_Cremin38@gmail.com",null,1
168,34,1,"2019-02-08","Corporis ipsa nemo officiis explicabo excepturi ut vel animi delectus.","Aut et at deleniti sunt tempore porro voluptatibus qui eos. Ducimus quia accusantium consectetur maiores id non. Eaque dolorem nisi. Consectetur sit illum laboriosam qui. Repudiandae est et alias.",0,0,"Mary14","Maureen96@yahoo.com","Ducimus in maxime exercitationem fugit.",2
169,34,2,"2018-10-14","Quis quisquam cumque perspiciatis ipsum delectus fuga repellat eos.","Et sit velit. Odit id consequatur ipsam officia officia. Necessitatibus aliquid id dignissimos est non. Eos exercitationem eaque labore aut in quia tempore repudiandae. Aliquam voluptas a modi.",1,0,"Vincenza_Spinka","Robin4@hotmail.com","Commodi id dolore.",26
170,34,1,"2019-03-20","Natus eius aut corrupti enim vel consequatur rerum id voluptatem.","Velit exercitationem nihil nihil sequi ipsam reiciendis tempore aut. Rerum repellat sed odio. Repellendus ut perferendis incidunt commodi id totam eum dicta nihil. Cum laborum culpa rem culpa ut quas deserunt a quia.",0,0,"Milan12","Emilie.Friesen@yahoo.com",null,20
171,34,2,"2018-10-16","Autem totam ipsam natus occaecati ratione impedit.","Libero quidem quia voluptates animi. Explicabo cupiditate perspiciatis labore. Velit fugit nisi est maxime autem temporibus amet autem voluptatem. Explicabo repellat blanditiis velit.",1,0,"Connie.Nikolaus19","Leland.Senger@hotmail.com",null,7
172,34,5,"2018-08-07","Dolorem neque porro beatae vero quia nobis rerum odit.","Quis et quidem expedita illum molestiae. Illum dolor quidem quos incidunt minus. Eum est exercitationem. Voluptas cupiditate et aliquam et nemo fugiat nulla.",1,0,"Dan.Predovic16","Abigale_Runte31@gmail.com",null,7
173,34,1,"2018-08-09","Iure quo nulla expedita dolor doloribus et earum repellat reiciendis.","Veritatis distinctio aut consequatur. Dignissimos officia voluptates ipsam. Eius blanditiis voluptatibus natus eveniet quia ut. Corporis et aut accusamus molestiae. Molestiae minus nostrum a nemo dolor quis omnis cumque et. Nihil beatae quidem quia ut aliquam delectus.",0,0,"Shana_Schaden15","Gregg53@gmail.com",null,18
174,34,3,"2018-08-16","Sed dolor accusantium voluptatem quod quod velit.","Perferendis praesentium quam et qui modi at. Eaque ab eaque deserunt. Tempore labore molestias est autem. Quas sequi quam quis quibusdam aut et illo voluptate repudiandae. Quaerat reiciendis quae dolor dolorum aut. Temporibus sapiente et voluptas iure atque.",1,0,"Vergie8","Lizeth.Hegmann@hotmail.com",null,3
175,34,3,"2018-12-20","Enim sed delectus et.","Aliquid porro nulla quae pariatur sit beatae possimus. Ut consectetur voluptate a perspiciatis. Et aperiam doloremque repellendus ab. Modi ut magnam nostrum. Deleniti animi esse.",1,0,"Lemuel72","Blanca66@yahoo.com",null,21
176,34,1,"2018-08-22","Dicta optio officiis harum deleniti labore ipsam placeat sed.","Vero amet quia et dolores delectus aperiam dolore. Voluptatem dolor sit qui animi nisi impedit vitae voluptatem et. Sit voluptatem alias tempora.",0,0,"Merle.Carroll","Peter63@gmail.com",null,4
177,35,3,"2019-04-18","In velit quo praesentium exercitationem nihil non possimus non.","Corrupti deleniti accusamus exercitationem consequatur. Id maxime quo quas dolorem enim magnam. Ullam tempore ut voluptas vel. Qui provident et labore provident qui officiis sapiente perspiciatis.",1,0,"Imogene.Kutch0","Therese1@gmail.com",null,18
178,35,4,"2018-08-16","Dolores ea numquam nesciunt voluptas ea eum dolorem magnam voluptatem.","Et numquam dolorem. Esse dolorem earum error commodi ex est. Dolorem dolore voluptates quae sequi quam mollitia. Aut porro consequatur quo aliquam mollitia. Quis debitis odit voluptatum beatae occaecati blanditiis quibusdam.",1,0,"Alberto.Kuphal","Kenton.Walker84@yahoo.com",null,24
179,35,4,"2018-09-01","Eligendi deleniti quibusdam expedita.","Recusandae et fugit quae. Est aut molestiae delectus error id amet quam. Nulla cupiditate sed omnis doloremque consequuntur dolor aliquid corporis esse. Nulla quae enim maiores. Aut maxime eos sed et odit et magnam blanditiis tempore.",1,0,"Jamaal_Koch","Gillian.Eichmann@hotmail.com",null,16
180,35,5,"2019-07-14","Et ut officiis hic dolorum mollitia nulla accusamus aliquid rem.","Consequatur laborum atque et libero at corporis. Accusamus assumenda rerum consequatur dolor ipsam consequatur. Officia quo et nihil fugit possimus similique eum repellendus.",1,0,"Aida25","Adelbert.Quigley@hotmail.com",null,5
181,36,3,"2019-06-24","Voluptates sed odit dolor ipsa beatae in facere sunt voluptatem.","Voluptatum assumenda veritatis quas placeat molestiae voluptatem quam dolorem. Dolorem molestias repudiandae sequi voluptate enim aliquid quia reiciendis. Accusantium fugiat enim et explicabo et et veritatis provident. Eum molestias debitis deserunt. Dolorum deleniti quia aut magni. At et eos voluptatibus laborum.",1,0,"Obie_Yundt","Coralie_Grant74@gmail.com",null,16
182,36,1,"2018-12-08","Velit quisquam facilis et perspiciatis sint fugiat nihil.","Sapiente impedit voluptatem reiciendis quisquam. Voluptatem libero error et fugiat et magnam molestiae. Nemo enim nostrum quos incidunt modi atque voluptatem est id. Accusantium quibusdam modi commodi eos illum.",0,0,"Golda.Muller","Everette84@hotmail.com",null,7
183,36,3,"2019-07-26","Saepe facere repellat quos enim.","Officiis distinctio optio in voluptate. In neque illo et. Dignissimos blanditiis aut vel. Veniam quo qui inventore molestiae et animi temporibus. Officia temporibus et vel. Quaerat eius molestiae cum ut aut repudiandae.",1,0,"Adrienne31","Rasheed_Senger85@hotmail.com",null,24
184,36,5,"2018-11-29","Voluptate quas sunt excepturi.","Ut impedit ex eum nisi et. Quia qui architecto soluta optio ea fugiat unde vero ipsum. Dolorum sit eum rem dolor vero. Praesentium aut perferendis.",1,0,"Rosendo48","Ariel_Miller@yahoo.com",null,2
185,36,5,"2019-06-30","Exercitationem autem provident enim vel aut harum voluptas.","Et id reprehenderit voluptatibus. Aliquid rem rerum ab dolor. Dolores sed nihil minus repellendus. Aut pariatur voluptatum nemo consequatur rerum.",1,0,"Weston68","Juwan53@hotmail.com",null,0
186,37,1,"2019-05-20","Enim dolores repudiandae ipsum.","Cupiditate sed sequi. Velit quaerat sint ipsum. Quod quas quia cumque omnis unde. Tempore beatae neque quasi maxime dignissimos blanditiis aspernatur laborum ex. Cumque rerum eum nesciunt optio amet veniam voluptas. Est atque culpa molestias vel.",0,0,"Arch_Fay","Ashlynn.Rohan36@gmail.com",null,16
187,37,1,"2019-07-19","Qui voluptatem corrupti magnam esse facilis provident.","Nostrum voluptatem atque temporibus aut reiciendis dolor tempore. Velit ipsa eligendi adipisci quidem voluptatem facere nihil aut. Eveniet non rerum ipsa. Eligendi in distinctio ut suscipit id et. Voluptatem velit harum inventore enim maxime excepturi odit.",0,0,"Ansel86","Garrison44@hotmail.com",null,18
188,38,3,"2018-12-13","Blanditiis eius itaque soluta quo aliquam.","Temporibus ut voluptas ullam ut quam quas aut error quas. Quia consequatur eum et commodi omnis. Dignissimos voluptas mollitia ut.",1,0,"Stacey.Rippin","Humberto27@gmail.com",null,27
189,38,3,"2018-12-02","Dolor fugit exercitationem ut ut molestiae ducimus doloremque.","Et dolores totam et odio commodi alias recusandae quos. Sapiente saepe sit ut. Aut quo possimus et tenetur modi sit.",1,0,"Jenifer7","Lilliana_Schumm@hotmail.com",null,26
190,38,2,"2019-06-15","Distinctio sint sed tempora reprehenderit vel.","Sequi et quia atque dolores. Earum esse voluptatum quasi et quos quam sint. Atque cupiditate eos et reprehenderit. Ut reprehenderit placeat illo.",1,0,"Ollie85","Kiarra86@gmail.com",null,22
191,38,2,"2019-04-24","Earum veniam sit minus.","Et et molestiae adipisci asperiores aut qui nam voluptas. Aliquid nihil porro libero harum quibusdam et facere omnis sint. Enim sunt error.",1,0,"Kobe_Davis67","Chet_Fisher@yahoo.com",null,27
192,38,2,"2018-12-07","Perspiciatis animi voluptatibus repellat assumenda aliquid ad nemo.","Doloremque voluptas nihil vitae voluptas consectetur placeat. Officia veritatis dolor dolor vel facilis sequi. Voluptas non quia accusantium provident. Quam voluptates explicabo ea qui.",1,0,"Elisha.Nolan43","Terrance.Hand@yahoo.com",null,22
193,38,3,"2019-04-08","Aliquam delectus natus architecto quo autem laboriosam officia est dicta.","Ex quod enim. Aut quae error praesentium dolor corrupti. Suscipit vel ab consequatur cum sit atque et. Perferendis distinctio consectetur autem.",1,1,"Pearline.Toy","Brooklyn43@hotmail.com",null,26
194,38,4,"2019-02-01","Fuga sit ut sed in aut provident.","Quidem alias nulla porro. Quasi nam et rem praesentium quidem ut deleniti expedita. Expedita sint qui optio nihil ut quam.",1,0,"Alvera56","Alexandrine64@yahoo.com",null,18
195,39,4,"2019-02-09","Aut architecto omnis sed voluptatem.","Consequatur exercitationem enim. Nostrum voluptatem fugit. Rerum earum earum. Ipsam sapiente totam mollitia molestias dolorem aut. Velit inventore saepe necessitatibus vero incidunt.",1,0,"Flavio.Von14","Freida.Farrell31@yahoo.com",null,8
196,39,5,"2019-07-09","Beatae molestiae esse ea aut magni.","Illo et alias voluptatem incidunt dolorem quo aperiam excepturi expedita. Alias aspernatur et tempore commodi dolores voluptas quia autem numquam. Occaecati illo id officiis. Ea minus beatae quam officiis ut sed. Itaque quis odit est ipsam sunt.",1,0,"Dorris65","Loy_Sauer@yahoo.com",null,8
197,39,3,"2019-05-24","Consequatur id modi harum ipsam magni perspiciatis numquam consequuntur.","Qui tenetur nemo tempore pariatur voluptate qui. Sapiente in deleniti. Voluptatibus eligendi sunt. Aliquam sed at.",1,0,"Conrad68","Althea_Gerlach81@hotmail.com",null,0
198,39,1,"2019-05-22","Ex voluptas aperiam officia similique doloribus natus consequuntur.","In deserunt voluptatem molestias. Eos necessitatibus porro magnam quis illum. Ex possimus et dolorem consectetur libero voluptas quia. Aut sapiente itaque voluptas. Rem adipisci temporibus et quasi voluptatem velit et et vitae. Repudiandae id id quis voluptatem minima.",0,0,"Raymundo_Mueller","Maynard.Turcotte96@gmail.com",null,29
199,39,1,"2019-07-03","Vitae illo sint quibusdam consequatur ex.","Nobis dolore exercitationem rerum quas est qui. Voluptates dignissimos consequatur quos unde laborum voluptatum nulla unde autem. Enim vel vero officiis eaque assumenda unde inventore. Ratione earum aliquam est qui iusto et.",0,0,"Darius.Wunsch4","Gus_Gaylord@yahoo.com",null,18